target_ref,target_gnt_idx,target_row_idx,similarity,corpus,unit_type,unit_id,ref,snippet
1Cor 6:9,112,112,0.91488045,1Clem,merged_chunk,1Clem_28.4-29.2,1Clem 28.4;29.1;29.2,"ποῖ οὖν τις ἀπέλθῃ ἢ ποῦ ἀποδράσῃ ἀπὸ τοῦ τὰ πάντα ἐμπεριέχοντος; Προσέλθωμεν οὖν αὐτῷ ἐν ὁσιότητι ψυχῆς, ἁγνὰς καὶ ἀμιάντους χεῖρας αἴροντες πρὸς αὐτόν, ἀγαπῶντες τὸν ἐπιεικῆ καὶ εὔσπλαγχνον πατέρα ἡμῶν, ὃς ἐκλογῆς μέρος ἡμᾶς ἐποίησεν ἑαυτῷ. οὕτω γὰρ γέγραπτα"
1Cor 6:9,112,112,0.91482276,1Clem,merged_chunk,1Clem_21.8-22.1,1Clem 21.8;21.9;22.1,"τὰ τέκνα ἡμῶν τῆς ἐν Χριστῷ παιδείας μεταλαμβανέτωσαν: μαθέτωσαν, τί ταπεινοφροσύνη παρὰ θεῷ ἰσχύει, τί ἀγάπη ἁγνὴ παρὰ θεῷ δύναται, πῶς ὁ φόβος αὐτοῦ καλὸς καὶ μέγας καὶ σώζων πάντας τοὺς ἐν αὐτῷ ὁσίως ἀναστρεφομένους ἐν καθαρᾷ διανοίᾳ. ἐρευνητὴς γάρ ἐστιν ἐν"
1Cor 6:9,112,112,0.91076404,1Clem,merged_chunk,1Clem_35.3-35.6,1Clem 35.3;35.4;35.5;35.6,"τίνα οὖν ἄρα ἐστὶν τὰ ἑτοιμαζόμενα τοῖς ὑπομένουσιν; ὁ δημιουργὸς καὶ πατὴρ τῶν αἰώνων ὁ πανάγιος αὐτὸς γινώσκει τὴν ποσότητα καὶ τὴν καλλονὴν αὐτῶν. ἡμεῖς οὖν ἀγωνισώμεθα εὑρεθῆναι ἐν τῷ ἀριθμῷ τῶν ὑπομενόντων, ὅπως μεταλάβωμεν τῶν ἐπηγγελμένων δωρεῶν. πῶς δὲ"
1Cor 6:9,112,112,0.9106057,Didache,merged_chunk,Didache_11.2-11.5,Didache 11.2;11.3;11.4;11.5,"ἐὰν δὲ αὐτὸς ὁ διδάσκων στραφεὶς διδάσκῃ ἄλλην διδαχὴν εἰς τὸ καταλῦσαι, μὴ αὐτοῦ ἀκούσητε: εἰς δὲ τὸ προσθεῖναι δικαιοσύνην καὶ γνῶσιν κυρίου, δέξασθε αὐτὸν ὡς κύριον. Περὶ δὲ τῶν ἀποστόλων καὶ προφητῶν, κατὰ τὸ δόγμα τοῦ εὐαγγελίου οὕτω ποιήσατε. πᾶς δὲ ἀπόσ"
1Cor 6:9,112,112,0.9102937,1Clem,merged_chunk,1Clem_43.1-43.1,1Clem 43.1,"Καὶ τί θαυμαστόν, εἰ οἱ ἐν Χριστῷ πιστευθέντες παρὰ θεοῦ ἔργον τοιοῦτο κατέστησαν τοὺς προειρημένους; ὅπου καὶ ὁ μακάριος πιστὸς θεράπων ἐν ὅλῳ τῷ οἴκῳ Μωϋσῆς τὰ διατεταγμένα αὐτῷ πάντα ἐσημειώσατο ἐν ταῖς ἱεραῖς βίβλοις, ᾧ καὶ ἐπηκολούθησαν οἱ λοιποὶ προφῆται"
1Cor 6:9,112,112,0.90743697,1Clem,merged_chunk,1Clem_33.3-33.4,1Clem 33.3;33.4,τῷ γὰρ παμμεγεθεστάτῳ αὐτοῦ κράτει οὐρανοὺς ἐστήρισεν καὶ τῇ ἀκαταλήπτῳ αὐτοῦ συνέσει διεκόσμησεν αὐτούς: γῆν τε διεχώρισεν ἀπὸ τοῦ περιέχοντος αὐτὴν ὕδατος καὶ ἥδρασεν ἐπὶ τὸν ἀσφαλῆ τοῦ ἰδίου βουλήματος θεμέλιον: τά τε ἐν αὐτῇ ζῶα φοιτῶντα τῇ ἑαυτοῦ διατάξει
1Cor 6:9,112,112,0.90733737,1Clem,merged_chunk,1Clem_31.4-32.2,1Clem 31.4;32.1;32.2,"Ἰακὼβ μετὰ ταπεινοφροσύνης ἐξεχώρησεν τῆς γῆς αὐτοῦ δἰ ἀδελφὸν καὶ ἐπορεύθη πρὸς Λαβὰν καὶ ἐδούλευσεν, καὶ ἐδόθη αὐτῷ τὸ δωδεκάσκηπτρον τοῦ Ἰσραήλ. Ὃ ἐάν τις καθ̓ ἓν ἕκαστον εἰλικρινῶς κατανοήσῃ, ἐπιγνώσεται μεγαλεῖα τῶν ὑπ̓ αὐτοῦ δεδομένων δωρεῶν. ἐξ αὐτοῦ γὰ"
1Cor 6:9,112,112,0.90701723,1Clem,merged_chunk,1Clem_43.4-43.5,1Clem 43.4;43.5,"καὶ εἶπεν αὐτοῖς: Ἅνδρες ἀδελφοί, ἦς ἂν φυλῆς ἡ ῥάβδος βλαστήσῃ, ταύτην ἐκλέλεκται ὁ θεὸς εἰς τὸ ἱερατεύειν καὶ λειτουργεῖν αὐτῷ. πρωΐας δὲ γενομένης συνεκάλεσεν πάντα τὸν Ἰσραήλ, τὰς ἑξακοσίας χιλιάδας τῶν ἀνδρῶν, καὶ ἐπεδείξατο τοῖς φυλάρχοις τὰς σφραγῖδας, "
1Cor 6:9,112,112,0.9068647,Didache,merged_chunk,Didache_10.2-10.3,Didache 10.2;10.3,"Εὐχαριστοῦμέν σοι, πάτερ ἅγιε, ὑπὲρ τοῦ ἁγίου ὀνόματός σου, οὗ κατεσκήνωσας ἐν ταῖς καρδίαις ἡμῶν, καὶ ὑπὲρ τῆς γνώσεως καὶ πίστεως καὶ ἀθανασίας, ἧς ἐγνώρισας ἡμῖν διὰ Ἰησοῦ τοῦ 1, 14; 18, 1; 24, 8; 4, 11 παιδός σου: σοὶ ἡ δόξα εἰς τοὺς αἰῶνας. σύ, δέσποτα πα"
1Cor 6:9,112,112,0.90656334,Didache,merged_chunk,Didache_11.6-11.9,Didache 11.6;11.7;11.8;11.9,"ἐξερχόμενος δὲ ὁ ἀπόστολος μηδὲν λαμβανέτω εἰ μὴ ἄρτον, ἕως οὖ αὐλισθῇ: ἐὰν δὲ ἀργύριον αἰτῇ, ψευδοπροφήτης ἐστί. Καὶ πάντα προφήτην λαλοῦντα ἐν πνεύματι οὐ πειράσετε οὐδὲ διακρινεῖτε: πᾶσα γὰρ ἁμαρτία ἀφεθήσεται, αὕτη δὲ ἡ ἁμαρτία οὐκ ἀφεθήσεται. οὐ πᾶς δὲ ὁ "
1Cor 6:9,112,112,0.90641916,1Clem,merged_chunk,1Clem_1.3-1.3,1Clem 1.3,"ἀπροσωπολήμπτως γὰρ πάντα ἐποιεῖτε καὶ ἐν τοῖς νομίμοις τοῦ θεοῦ ἐπορεύεσθε, ὑποτασσόμενοι τοῖς ἡγουμένοις ὑμῶν, καὶ τιμὴν τὴν καθήκουσαν ἀπονέμοντες τοῖς παῤ ὑμῖν πρεσβυτέροις: νέοις τε μέτρια καὶ σεμνὰ νοεῖν ἐπετρέπετε: γυναιξίν τε ἐν ἀμώμῳ καὶ σεμνῇ καὶ ἁγν"
1Cor 6:9,112,112,0.9062557,1Clem,merged_chunk,1Clem_10.3-10.3,1Clem 10.3,"Ἄπελθε ἐκ τῆς γῆς σου καὶ ἐκ τῆς συγγενείας σου καὶ ἐκ τοῦ οἴκου τοῦ πατρός σου εἰς τὴν γῆν ἣν ἄν σοι δείξω: καὶ ποιήσω σε εἰς ἔθνος μέγα καὶ εὐλογήσω σε καὶ μεγαλυνῶ τὸ ὄνομά σου, καὶ ἔσῃ εὐλογημένος: καὶ εὐλογήσω τοὺς εὐλογοῦντάς σε καὶ καταράσομαι τοὺς κατα"
1Cor 6:9,112,112,0.90543175,1Clem,merged_chunk,1Clem_27.5-27.7,1Clem 27.5;27.6;27.7,"Τίς ἐρεῖ αὐτῷ: Τί ἐποίησας; ἢ τίς ἀντιστήσεται τῷ κράτει τῆς ἰσχύος αὐτοῦ; ὅτε θέλει καὶ ὡς θέλει ποιήσει πάντα, καὶ οὐδὲν μὴ παρέλθῃ τῶν δεδογματισμένων ὑπ̓ αὐτοῦ.  εἰ οἱ οὐρανοὶ διηγοῦνται δόξαν θεοῦ, ποίησιν δὲ χειρῶν αὐτοῦ ἀναγγέλλει τὸ στερέωμα: ἡ ἡμέρα τ"
1Cor 6:9,112,112,0.9051244,1Clem,merged_chunk,1Clem_51.2-51.5,1Clem 51.2;51.3;51.4;51.5,"οἱ γὰρ μετὰ φόβου καὶ ἀγάπης πολιτευόμενοι ἑαυτοὺς θέλουσιν μᾶλλον αἰκίαις περιπίπτειν ἢ τοὺς πλησίον: μᾶλλον δὲ ἑαυτῶν κατάγνωσιν φέρουσιν ἢ τῆς παραδεδομένης ἡμῖν καλῶς καὶ δικαίως ὁμοφωνίας, 49, 14 πρόδηλον ἐγενήθη, κατέβησαν γὰρ εἰς ᾅδου ζῶντες, καὶ θάνατο"
1Cor 6:9,112,112,0.90457284,1Clem,merged_chunk,1Clem_13.1-13.1,1Clem 13.1,"Μὴ καυχάσθω ὁ σοφὸς ἐν τῇ σοφίᾳ αὐτοῦ μηδὲ ὁ ἰσχυρὸς ἐν τῇ ἰσχύϊ αὐτοῦ μηδὲ ὁ πλούσιος ἐν τῷ πλούτῳ αὐτοῦ, ἀλλ̓ ἡ ὁ καυχώμενος ἐν κυρίῳ καυχάσθω, τοῦ ἐκζητεῖν αὐτὸν καὶ ποιεῖν κρίμα καὶ δικαιοσύνην: μάλιστα μεμνημένοι τῶν λόγων τοῦ κυρίου Ἰησοῦ, οὓς ἐλάλησεν δ"
1Cor 6:9,112,112,0.9041802,Didache,merged_chunk,Didache_3.5-3.8,Didache 3.5;3.6;3.7;3.8,"τέκνον μου, μὴ γίνου ψεύστης. ἐπειδὴ ὁδηγεῖ τὸ ψεῦσμα εἰς τὴν κλοπήν, μηδὲ φιλάργυρος μηδὲ κενόδοξος: ἐκ γὰρ τούτων ἁπάντων κλοπαὶ γεννῶνται. τέκνον μου, μὴ γίνου γόγγυσος, ἐπειδὴ ὁδηγεῖ εἰς τὴν βλασφημίαν, μηδὲ αὐθάδης μηδὲ πονηρόφρων: ἐκ γὰρ τούτων ἀπάντων β"
1Cor 6:9,112,112,0.90371865,1Clem,merged_chunk,1Clem_56.1-56.3,1Clem 56.1;56.2;56.3,"Καὶ ἡμεῖς οὖν ἐντύχωμεν περὶ τῶν ἔν τινι παραπτώματι ὑπαρχόντων, ὅπως δοθῇ αὐτοῖς ἐπιείκεια καὶ ταπεινοφροσύνη εἰς τὸ εἶξαι αὐτοὺς μὴ ἡμῖν ἀλλὰ τῷ θελήματι τοῦ θεοῦ: οὕτως γὰρ ἔσται αὐτοῖς ἔγκαρπος καὶ τελεία ἡ πρὸς τὸν θεὸν καὶ τοὺς ἁγίους μετ̓ οἰκτιρμῶν μνεί"
1Cor 6:9,112,112,0.9035494,1Clem,merged_chunk,1Clem_61.1-61.1,1Clem 61.1,"Σύ, δεσποτα, ἔδωκας τὴν ἐξουσίαν τῆς βασιλείας αὐτοῖς διὰ τοῦ μεγαλοπρεποῦς καὶ ἀνεκδιηγήτου κράτους σου, εἰς τὸ γινώσκοντας ἡμᾶς τὴν ὑπὸ σοῦ αὐτοῖς δεδομένην δόξαν καὶ τιμὴν ὑποτάσσεσθαι αὐτοῖς, μηδὲν ἐναντιουμένους τῷ θελήματί σου: οἶς δός, κύριε, ὑγίειαν, ε"
1Cor 6:9,112,112,0.90341777,1Clem,merged_chunk,1Clem_52.1-53.1,1Clem 52.1;52.2;52.3;52.4;53.1,"Ἀπροσδεής, ἀδελφοί, ὁ δεσπότης ὑπάρχει τῶν ἁπάντων: οὐδὲν οὐδενὸς χρῄζει εἰ μὴ τὸ ἐξομολογεῖσθαι αὐτῷ. 69, 30-32 Δαυείδ: Ἐξομολογήσομαι τῷ κυρίῳ, καὶ ἀρέσει αὐτῷ ὑπὲρ μόσχον νέον κέρατα ἐκφέροντα καὶ ὁπλάς: ἰδέτωσαν πτωχοὶ καὶ εὐφρανθήτωσαν. 50, 14. 15 καὶ πάλ"
1Cor 6:9,112,112,0.9033336,1Clem,merged_chunk,1Clem_39.9-40.2,1Clem 39.9;40.1;40.2,"πόρρω γένοιντο οἱ υἱοὶ αὐτῶν ἀπὸ σωτηρίας: κολαβρισθείησαν ἐπὶ θύραις ἡσσόνων, καὶ οὐκ ἔσται ὁ ἐξαιρούμενος: ἃ γὰρ ἐκείνοις ἡτοίμασται, δίκαιοι ἔδονται, αὐτοὶ δὲ ἐκ κακῶν οὐκ ἐξαίρετοι ἔσονται. Προδήλων οὖν ἡμῖν ὄντων τούτων, καὶ ἐγκεκυφότες εἰς τὰ βάθη τῆς θε"
1Cor 6:9,112,112,0.903123,1Clem,merged_chunk,1Clem_5.6-6.3,1Clem 5.6;5.7;6.1;6.2;6.3,"ἑπτάκις δεσμὰ φορέσας, φυγαδευθείς, λιθασθείς, κήρυξ γενόμενος ἔν τε τῇ ἀνατολῇ καὶ ἐν τῇ δύσει, τὸ γενναῖον τῆς πίστεως αὐτοῦ κλέος ἔλαβεν, 4. ὑπομονῆς γενόμενος μέγιστος ὑπογραμμός. διὰ ζῆλος παθόντες ὑπόδειγμα κάλλιστον ἐγένοντο ἐν ἡμῖν. αἰκίσματα δεινὰ καὶ"
1Cor 6:9,112,112,0.9028761,1Clem,merged_chunk,1Clem_14.1-14.4,1Clem 14.1;14.2;14.3;14.4,"Δίκαιον οὖν καὶ ὅσιον, ἄνδρες ἀδελφοί, ὑπηκόους ἡμᾶς μᾶλλον γενέσθαι τῷ θεῷ ἡ τοῖς ἐν ἀλαζονείᾳ καὶ ἀκαταστασίᾳ μυσεροῦ ζήλους ἀρχηγοῖς ἐξακολουθεῖν. βλάβην γὰρ οὐ τὴν τυχοῦσαν, μᾶλλον δὲ κίνδυνον ὑποίσομεν μέγαν, ἐὰν ῥιψοκινδύνως ἐπιδῶμεν ἑαυτοὺς τοῖς θελήμασ"
1Cor 6:9,112,112,0.90271443,1Clem,merged_chunk,1Clem_20.10-20.11,1Clem 20.10;20.11,"ἀνέμων σταθμοὶ κατὰ τὸν ἴδιον καιρὸν τὴν λειτουργίαν αὐτῶν ἀπροσκόπως ἐπιτελοῦσιν: ἀέναοί τε πηγαί, πρὸς ἀπόλαυσιν καὶ ὑγείαν δημιουργηθεῖσαι, δίχα ἐλλείψεως παρέχονται τοὺς πρὸς ζωῆς ἀνθρώποις μαζούς: τά τε ἐλάχιστα τῶν ζώων τὰς συνελεύσεις αὐτῶν ἐν ὁμονοίᾳ κ"
1Cor 6:9,112,112,0.90259457,1Clem,merged_chunk,1Clem_53.2-53.2,1Clem 53.2,"Μωῦσέως γὰρ ἀναβάντος εἰς τὸ ὄρος καὶ ποιήσαντος τεσσαράκοντα ἡμέρας καὶ τεσσαράκοντα νύκτας ἐν νηστείᾳ καὶ ταπεινώσει, εἶπεν ( ) πρὸς αὐτὸν ὁ θεός: τὸ τάχος ἐντεῦθεν, ὅτι ἠνόμησεν ὁ λαός σου, οὓς ἐξήγαγες ἐκ γῆς Αἰγύπτου: παρέβησαν ταχὺ ἐκ τῆς ὁδοῦ ἧς ἐνετείλ"
1Cor 6:9,112,112,0.90237,Didache,merged_chunk,Didache_1.6-2.5,Didache 1.6;2.1;2.2;2.3;2.4;2.5,"ἀλλὰ καὶ περὶ τούτου δὲ εἴρηται: Ἱδρωσάτω ἡ ἐλεημοσύνη σου εἰς τὰς χεῖράς σου, μέχρις ἂν γνῷς, τίνι δῷς. Δευτέρα δὲ ἐντολὴ τῆς διδαχῆς: οὐ φονεύσεις, οὐ μοιχεύσεις, οὐ παιδοφθορήσεις, οὐ πορνεύσεις, οὐ κλέψεις, οὐ μαγεύσεις, οὐ φαρμακεύσεις, οὐ φονεύσεις τέκνο"
1Cor 6:9,112,112,0.9018135,Didache,merged_chunk,Didache_13.2-13.6,Didache 13.2;13.3;13.4;13.5;13.6,"ὡσαύτως διδάσκαλος ἀληθινός ἐστιν ἄξιος καὶ αὐτὸς ὥσπερ ὁ ἐργάτης τῆς τροφῆς αὐτοῦ. πᾶσαν οὖν ἀπαρχὴν γεννημάτων ληνοῦ καὶ ἅλωνος, βοῶν τε καὶ προβάτων λαβὼν δώσεις τὴν ἀπαρχὴν τοῖς προφήταις: αὐτοὶ γάρ εἰσιν οἱ ἀρχιερεῖς ὑμῶν. ἐὰν δὲ μὴ ἔχητε προφήτην, δότε τ"
1Cor 6:9,112,112,0.90180993,1Clem,merged_chunk,1Clem_17.2-17.5,1Clem 17.2;17.3;17.4;17.5,"ἐμαρτυρήθη μεγάλως Ἀβραὰμ καὶ φίλος προσηγορεύθη τοῦ θεοῦ, καὶ λέγει ἀτενίζων εἰς τὴν δόξαν τοῦ θεοῦ ταπεινοφρονῶν: Ἐγὼ δέ εἰμι γῆ καὶ σποδός. Ἰὼβ δὲ ἦν δίκαιος καὶ ἄμεμπτος, ἀληθινός, θεοσεβής, ἀπεχόμενος ἀπὸ παντὸς κακοῦ. ἀλλ̓ αὐτὸς ἑαυτοῦ κατηγορεῖ λέγων: Μ"
1Cor 6:9,112,112,0.90140283,1Clem,merged_chunk,1Clem_38.2-38.2,1Clem 38.2,"τὸν ἀσθενῆ, ὁ δὲ ἀσθενὴς ἐντρεπέσθω τὸν ἰσχυρόν: ὁ πλούσιος ἐπιχορηγείτω τῷ πτωχῷ, ὁ δὲ πτωχὸς εὐχαριστείτω τῷ θεῷ, ὅτι ἔδωκεν αὐτῷ, δἰ οὗ ἀναπληρωθῇ αὐτοῦ τὸ ὑστέρημα: ὁ σοφὸς ἐνδεικνύσθω τὴν σοφίαν αὐτοῦ μὴ ἐν λόγοις, ἀλλ̓ ἐν ἔργοις ἀγαθοῖς: ὁ ταπεινοφρονῶν "
1Cor 6:9,112,112,0.9013431,1Clem,merged_chunk,1Clem_47.3-47.6,1Clem 47.3;47.4;47.5;47.6,"ἐπ̓ ἀληθείας πνευματικῶς ἐπέστειλεν ὑμῖν περὶ ἑαυτοῦ τε καὶ Κηφᾶ τε καὶ Ἀπολλώ, διὰ τὸ καὶ τότε προσκλίσεις ὑμᾶς πεποιῆσθαι. ἀλλ̓ ἡ πρόσκλισις ἐκείνη ἥττονα ἁμαρτίαν ὑμῖν προσήνεγκεν: προσεκλίθητε γὰρ ἀποστόλοις μεμαρτυρημένοις καὶ ἀνδρὶ δεδοκιμασμένῳ παῤ αὐτο"
1Cor 6:9,112,112,0.90088177,Didache,merged_chunk,Didache_4.2-4.7,Didache 4.2;4.3;4.4;4.5;4.6;4.7,"ἐκζητήσεις δὲ καθ̓ ἡμέραν τὰ πρόσωπα τῶν ἁγίων, ἵνα ἐπαναπαῇς τοῖς λόγοις αὐτῶν. οὐ ποθήσεις to σχίσμα, εἰρηνεύσεις 1, 16; 81, 9; cf. 7, 24 δὲ μαχομένους: κρινεῖς δικαίως, οὐ λήψῃ πρόσωπον ἐλέγξαι ἐπὶ παραπτώμασιν. οὐ διψυχήσεις, πότερον ἔσται ἢ οὔ. Μὴ γίνου π"
1Cor 6:9,112,112,0.9006488,Didache,merged_chunk,Didache_8.1-8.2,Didache 8.1;8.2,"Αἱ δὲ νηστεῖαι ὑμῶν μὴ ἔστωσαν μετὰ τῶν ὑποκριτῶν. νηστεύουσι γὰρ δευτέρᾳ σαββάτων καὶ πέμπτῃ: ὑμεῖς δὲ νηστεύσατε τετράδα καὶ παρασκευήν. μηδὲ προσεύχεσθε ὡς οἱ ὑποκριταί, ἀλλ̓ ὡς ἐκέλευσεν ὁ κύριος ἐν τῷ εὐαγγελίῳ αὐτοῦ, οὕτω προσεύχεσθε: Πάτερ ἡμῶν ὁ ἐν τῷ "
1Cor 6:9,112,112,0.90057695,1Clem,merged_chunk,1Clem_32.3-32.4,1Clem 32.3;32.4,"πάντες οὖν ἐδοξάσθησαν καὶ ἐμεγαλύνθησαν οὐ δἰ αὐτῶν ἢ τῶν ἔργων αὐτῶν ἢ τῆς δικαιοπραγίας ἧς κατειργάσαντο, ἀλλὰ διὰ τοῦ θελήματος αὐτοῦ. καὶ ἡμεῖς οὖν, διὰ θελήματος αὐτοῦ ἐν Χριστῷ Ἰησοῦ κληθέντες, οὐ δἰ ἑαυτῶν δικαιούμεθα, οὐδὲ διὰ τῆς ἡμετέρας σοφίας ἢ συ"
1Cor 6:9,112,112,0.9004977,1Clem,merged_chunk,1Clem_19.1-19.2,1Clem 19.1;19.2,"Τῶν τοσούτων οὖν καὶ τοιούτων οὕτως μεμαρτυρημένων τὸ ταπεινόφρον καὶ τὸ ὑποδεὲς διὰ τῆς ὑπακοῆς οὐ μόνον ἡμᾶς, ἀλλὰ καὶ τὰς πρὸ ἡμῶν γενεὰς βελτίους ἐποίησεν, τούς τε καταδεξαμένους τὰ λόγια αὐτοῦ ἐν φόβῳ καὶ ἀληθείᾳ. πολλῶν οὖν καὶ μεγάλων καὶ ἐνδόξων μετειλ"
1Cor 6:9,112,112,0.8998319,Didache,merged_chunk,Didache_7.2-7.4,Didache 7.2;7.3;7.4,"ἐὰν δὲ μὴ ἔχῃς ὕδωρ ζῶν, εἰς ἄλλο ὕδωρ βάπτισον: εἰ δ̓ οὐ δύνασαι ἐν ψυχρῷ, ἐν θερμῷ. ἐὰν δὲ ἀμφότερα μὴ ἔχῃς, ἔκχεον εἰς τὴν κεφαλὴν τρὶς ὕδωρ εἰς ὄνομα πατρὸς καὶ υἱοῦ καὶ ἁγίου πνεύματος. πρὸ δὲ τοῦ βαπτίσματος προνηστευσάτω ὁ βαπτίζων καὶ ὁ βαπτιζόμενος κα"
1Cor 6:9,112,112,0.8989844,1Clem,merged_chunk,1Clem_2.1-2.5,1Clem 2.1;2.2;2.3;2.4;2.5,"Πάντες τε ἐταπεινοφρονεῖτε μηδὲν ἀλαζονευόμενοι, ὑποτασσόμενοι μᾶλλον ἦ ὑποτάσσοντες, ἥδιον διδόντες ἢ λαμβάνοντες. ἀρκούμενοι, καὶ προσέχοντες τοὺς λόγους αὐτοῦ ἐπιμελῶς ἐνεστερνισμένοι ἥτε τοῖς σπλάγχνοις, καὶ τὰ παθήματα αὐτοῦ ἦν πρὸ ὀφθαλμῶν ὑμῶν. οὕτως εἰ"
1Cor 6:9,112,112,0.8989784,1Clem,merged_chunk,1Clem_4.3-4.6,1Clem 4.3;4.4;4.5;4.6,"καὶ ἐλυπήθη Κάϊν λίαν καὶ συνέπεσεν τῷ προσώπῳ αὐτοῦ. καὶ εἶπεν ὁ θεὸς πρὸς Κάϊν: Ἱνατί περίλυπος ἐγένου, καὶ ἱνατί συνέπεσεν τὸ πρόσωπόν σου; οὐκ ἐὰν ὀρθῶς προσενέγκῃς, ὀρθῶς δὲ μὴ διέλῃς, ἥμαρτες; ἡσύχασον: πρὸς σὲ ή ἀποστροφὴ αὐτοῦ, καὶ σὺ ἄρξεις αὐτοῦ. καὶ"
1Cor 6:9,112,112,0.8986693,1Clem,merged_chunk,1Clem_64.1-64.1,1Clem 64.1,"Λοιπὸν ὁ παντεπόπτης θεὸς καὶ δεσπότης τῶν πνευμάτων καὶ κύριος πάσης σαρκός, ό ἐκλεξάμενος τὸν κύριον Ἰησοῦν Χριστὸν καὶ ἡμᾶς ; 27, 16; εἰς εὐαρέστησιν τῷ ὀνόματι αὐτοῦ διὰ τοῦ ἀρχιερέως καὶ προστάτου ἡμῶν Ἰησοῦ Χριστοῦ, δἰ οὗ αὐτῷ δόξα καὶ μεγαλωσύνη, κράτος"
1Cor 6:9,112,112,0.8982559,1Clem,merged_chunk,1Clem_22.2-22.7,1Clem 22.2;22.3;22.4;22.5;22.6;22.7,"τίς ἐστιν ἄνθρωπος ὁ θέλων ζωήν, ἀγαπῶν ἡμέρας ἰδεῖν ἀγαθάς ; παῦσον τὴν γλῶσσάν σου ἀπὸ κακοῦ, καὶ χείλη σου τοῦ μὴ λαλῆσαι δόλον. ἔκκλινον ἀπὸ κακοῦ, καὶ ποίησον ἀγαθόν. ζήτησον εἰρήνην, καὶ δίωξον αὐτήν: ὀφθαλμοὶ κυρίου ἐπὶ δικαίους, καὶ ὦτα αὐτοῦ πρὸς δέησ"
1Cor 6:9,112,112,0.89780086,1Clem,merged_chunk,1Clem_8.4-8.4,1Clem 8.4,"καὶ ἐν ἑτέρῳ τόπῳ λέγει οὕτως: παύσασθε ἀπὸ τῶν πονηριῶν ὑμῶν, μάθετε καλὸν ποιεῖν, ἐκζητήσατε κρίσιν, ῥύσασθε ἀδικούμενον, κρίνατε ὀρφανῷ καὶ δικαιώσατε χήρᾳ: καὶ δεῦτε καὶ διελεγχθῶμεν, λέγει κύριος: καὶ ἐὰν ὦσιν αἱ ἁμαρτίαι ὑμῶν ὡς φοινικοῦν, ὡς χιόνα λευκα"
1Cor 6:9,112,112,0.89777935,1Clem,merged_chunk,1Clem_38.3-39.2,1Clem 38.3;38.4;39.1;39.2,"ἀναλογισώμεθα οὖν, ἀδελφοί, ἐκ ποίας ὕλης ἐγενήθημεν, ποῖοι καὶ τίνες εἰσήλθαμεν εἰς τὸν κόσμον, ἐκ ποίου τάφου καὶ σκότους ὁ πλάσας ἡμᾶς καὶ δημιουργήσας εἰσήγαγεν εἰς τὸν κόσμον αὐτοῦ, προετοιμάσας τὰς εὐεργεσίας αὐτοῦ, πρὶν ἡμᾶς γεννηθῆναι. ταῦτα οὖν πάντα "
1Cor 6:9,112,112,0.8971428,1Clem,merged_chunk,1Clem_9.4-10.2,1Clem 9.4;10.1;10.2,"Νῶε πιστὸς εὑρεθεὶς διὰ τῆς λειτουργίας αὐτοῦ παλιγγενεσίαν κόσμῳ ἐκήρυξεν, καὶ διέσωσεν δἰ αὐτοῦ ὁ δεσπότης τὰ εἰσελθόντα ἐν ὁμονοίᾳ ζῶα εἰς τὴν κιβωτόν. Ἀβραάμ, ὁ φίλος προσαγορευθείς, πιστὸς εὑρέθη ἐν τῷ αὐτὸν ὑπήκοον γενέσθαι τοῖς ῥήμασιν τοῦ θεοῦ. οὗτος δ"
1Cor 6:9,112,112,0.8966222,1Clem,merged_chunk,1Clem_37.3-37.4,1Clem 37.3;37.4,"οὐ πάντες εἰσὶν ἔπαρχοι οὐδὲ χιλίαρχοι οὐδὲ ἑκατόνταρχαι 1 οὐδὲ πεντηκόνταρχοι οὐδὲ τὸ καθεξῆς, ἀλλ̓ ἕκαστος ἐν τῷ ἰδίῳ τάγματι τὰ ἐπιτασσόμενα ὑπὸ τοῦ βασιλέως καὶ τῶν ἡγουμένων ἐπιτελεῖ. οἱ μεγάλοι δίχα τῶν μικρῶν οὐ δύνανται εἶναι, οὔτε οἱ μικροὶ δίχα τῶν μ"
1Cor 6:9,112,112,0.8965989,1Clem,merged_chunk,1Clem_10.4-10.5,1Clem 10.4;10.5,"καὶ πάλιν ἐν τῷ διαχωρισθῆναι αὐτὸν ἀπὸ Λὼτ εἶπεν αὐτῷ ὁ θεός. Ἀναβλέψας τοῖς ὀφθαλμοῖς σου ἴδε ἀπὸ τοῦ τόπου, οὖ νῦν σὺ εἶ, πρὸς βορρᾶν καὶ λίβα καὶ ἀνατολὰς καὶ θάλασσαν, ὅτι πᾶσαν τὴν γῆν, ἣν σὺ ὁρᾷς, σοὶ δώσω αὐτὴν καὶ τῷ σπέρματί σου ἕως αἰῶνος. καὶ ποιήσ"
1Cor 6:9,112,112,0.89652324,1Clem,merged_chunk,1Clem_40.3-41.1,1Clem 40.3;40.4;40.5;41.1,"ποῦ τε καὶ διὰ τίνων ἐπιτελεῖσθαι θέλει, αὐτὸς ὥρισεν τῇ ὑπερτάτῳ αὐτοῦ βουλήσει. ἵν̓ ὁσίως πάντα γινόμενα ἐν εὐδοκήσει εὐπρόσδεκτα εἴη τῷ θελήματι αὐτοῦ. οἱ οὖν τοῖς προστεταγμένοις καιροῖς ποιοῦντες τὰς προσφορὰς αὐτῶν εὐπρόσδεκτοί τε καὶ μακάριοι: τοῖς γὰρ "
1Cor 6:9,112,112,0.8964031,1Clem,merged_chunk,1Clem_19.3-20.3,1Clem 19.3;20.1;20.2;20.3,"ἴδωμεν αὐτὸν κατὰ διάνοιαν καὶ ἐμβλέψωμεν τοῖς ὄμμασιν τῆς ψυχῆς εἰς τὸ μακρόθυμον αὐτοῦ βούλημα: νοήσωμεν, πῶς ἀόργητος ὑπάρχει πρὸς πᾶσαν τὴν κτίσιν αὐτοῦ. Οἱ οὐρανοὶ τῇ διοικήσει αὐτοῦ σαλευόμενοι ἐν εἰρήνῃ ὑποτάσσονται αὐτῷ. ἡμέρα τε καὶ νὺξ τὸν τεταγμένον"
1Cor 6:9,112,112,0.89560676,1Clem,merged_chunk,1Clem_63.3-63.4,1Clem 63.3;63.4,"ἐπέμψαμεν δὲ ἄνδρας πιστοὺς καὶ σώφρονας ἀπὸ νεότητος ἀναστραφέντας ἕως γήρους ἀμέμπτως ἐν ἡμῖν, οἵτινες καὶ μάρτυρες ἔσονται μεταξὺ ὑμῶν καὶ ἡμῶν. τοῦτο δὲ ἐποιήσαμεν, ἵνα εἰδῆτε. ὅτι πᾶσα ἡμῖν φροντὶς καὶ γέγονεν καὶ ἔστιν εἰς τὸ ὲν τάχει ὑμᾶς εἰρηνεῦσαι."
1Cor 6:9,112,112,0.8952141,Didache,merged_chunk,Didache_6.1-7.1,Didache 6.1;6.2;6.3;7.1,"Ὅρα, μή τίς σε πλανήσῃ ἀπὸ ταύτης τῆς ὁδοῦ τῆς διδαχῆς, ἐπεὶ παρεκτὸς θεοῦ σε διδάσκει. εἰ μὲν γὰρ δύνασαι βαστάσαι ὅλον τὸν ζυγὸν τοῦ κυρίου, τέλειος ἔσῃ: εἰ δ̓ οὐ δύνασαι, ὅ δύνῃ, τοῦτο ποίει. περὶ δὲ τῆς βρώσεως, ὅ δύνασαι βάστασον: ἀπὸ δὲ τοῦ εἰδωλοθύτου λ"
1Cor 6:9,112,112,0.8951679,Didache,merged_chunk,Didache_12.2-13.1,Didache 12.2;12.3;12.4;12.5;13.1,"εἰ μὲν παρόδιός ἐστιν ὁ ἐρχόμενος, βοηθεῖτε αὐτῷ, ὅσον δύνασθε: οὐ μενεῖ δὲ πρὸς ὑμᾶς εἰ μὴ δύο ἡ τρεῖς ἡμέρας, ἑὰν ᾖ ἀνάγκη. εἰ δὲ θέλει πρὸς ὑμᾶς καθῆσθαι, τεχνίτης ὤν, ἐργαζέσθω καὶ φαγέτω. εἰ δὲ οὐκ ἔχει τέχνην, κατὰ τὴν σύνεσιν ὑμῶν προνοήσατε, πῶς μὴ ἀργ"
1Cor 6:9,112,112,0.8949855,Didache,merged_chunk,Didache_3.2-3.4,Didache 3.2;3.3;3.4,"μὴ γίνου ὀργίλος, ὁδηγεῖ γὰρ ἡ ὀργὴ πρὸς τὸν φόνον, μηδὲ ζηλωτὴς μηδὲ ἐριστικὸς μηδὲ θυμικός: ἐκ γὰρ τούτων ἁπάντων φόνοι γεννῶνται. τέκνον μου, μὴ γίνου ἐπιθυμητής, ὁδηγεῖ γὰρ ἡ ἐπιθυμία πρὸς τὴν πορνείαν, μηδὲ αἰσχρολόγος μηδὲ ὑψηλόφθαλμος: ἐκ γὰρ τούτων ἁπά"
1Cor 6:9,112,112,0.8939742,1Clem,merged_chunk,1Clem_46.1-46.5,1Clem 46.1;46.2;46.3;46.4;46.5,"Τοιούτοις οὖν ὑποδείγμασιν κολληθῆναι καὶ ἡμᾶς δεῖ, ἀδελφοί. γέγραπται γάρ: Κολλᾶσθε τοῖς ἁγίοις, ὅτι οἱ κολλώμενοι αὐτοῖς ἁγιασθήσονται. καὶ πάλιν ἐν ἑτέρῳ τόπῳ λέγει: 17. ἀνδρὸς ἀθῷον ἀθῷος ἔσῃ καὶ μετὰ ἐκλεκτοῦ ἐκλεκτὸς ἔσῃ. καὶ μετὰ στρεβλοῦ διαστρέψεις. κ"
1Cor 6:9,112,112,0.89391106,1Clem,merged_chunk,1Clem_65.1-65.1,1Clem 65.1,"Τοὺς δὲ ἀπεσταλμένους ἀφ̓ ἡμῶν Κλαύδιον Ἔφηβον καὶ Οὐαλέριον Βίτωνα σὺν καὶ Φορτουνάτῳ ἐν εἰρήνῃ μετὰ χαρᾶς ἐν τάχει ἀναπέμψατε πρὸς ἡμᾶς, ὅπως θᾶττον τὴν εὐκταίαν καὶ ἐπιποθήτην ἡμῖν εἰρήνην καὶ ὁμόνοιαν ἀπαγγέλλωσιν, εἰς τὸ τάχιον καὶ ἡμᾶς χαρῆναι περὶ τῆς ε"
1Cor 6:9,112,112,0.89379466,1Clem,merged_chunk,1Clem_63.1-63.2,1Clem 63.1;63.2,"Θεμιτὸν οὖν ἐστὶν τοῖς τοιούτοις καὶ τοσούτοις ὑποδείγμασιν προσελθόντας ὑποθεῖναι τὸν τράχηλον καὶ τὸν τῆς ὑπακοῆς τόπον ἀναπληρῶσαι, ὅπως ἡσυχάσαντες τῆς ματαίας στάσεως ἐπὶ τὸν προκείμενον ἡμῖν ἐν ἀληθείᾳ σκοπὸν δίχα παντὸς μώμου καταντήσωμεν. χαρὰν γὰρ καὶ"
1Cor 6:9,112,112,0.89375055,1Clem,merged_chunk,1Clem_61.2-61.2,1Clem 61.2,"σὺ γάρ, δέσποτα ἐπουράνιε, βασιλεῦ τῶν αἰώνων, δίδως τοῖς υἱοῖς τῶν ἀνθρώπων δόξαν καὶ τιμὴν καὶ ἐξουσίαν τῶν ἐπὶ τῆς γῆς ὑπαρχόντων: σύ, κύριε, διεύθυνον τὴν βουλὴν αὐτῶν κατὰ τὸ .28; 13, 18 καλὸν καὶ εὐάρεστον ἐνώπιόν σου, ὅπως διέποντες ἐν εἰρήνῃ καὶ πραΰτη"
1Cor 6:9,112,112,0.89373803,1Clem,merged_chunk,1Clem_44.6-45.6,1Clem 44.6;45.1;45.2;45.3;45.4;45.5;45.6,"ὁρῶμεν γάρ, ὅτι ἐνίους ὑμεῖς μετηγάγετε καλῶς πολιτευομένους ἐκ τῆς ἀμέμπτως αὐτοῖς τετιμημένης λειτουργίας. Φιλόνεικοι ἔστε, ἀδελφοί, καὶ ζηλωταὶ περὶ τῶν ἀνηκόντων εἰς σωτηρίαν. ἐγκεκύφατε εἰς τὰς ἱερὰς γραφάς, τὰς ἀληθεῖς, τὰς διὰ τοῦ πνεύματος τοῦ ἁγίου. ἐ"
1Cor 6:9,112,112,0.89371014,1Clem,merged_chunk,1Clem_55.4-55.6,1Clem 55.4;55.5;55.6,"Ἰουδὶθ ἡ μακαρία, ἐν συγκλεισμῷ οὔσης τῆς πόλεως, ᾐτήσατο παρὰ τῶν πρεσβυτέρων ἐαθῆναι αὐτὴν ἐξελθεῖν εἰς τὴν παρεμβολὴν τῶν ἀλλοφύλων.  τοῦ Ἰσραὴλ μέλλον ἀπολέσθαι ῥύσηται: τῶν αἰώνων: ὃς ἰδὼν τὸ ταπεινὸν τῆς ψυχῆς αὐτῆς ἐρύσατο τὸν λαόν, ὧν χάριν ἐκινδύνευσε"
1Cor 6:9,112,112,0.89356786,1Clem,merged_chunk,1Clem_24.5-25.1,1Clem 24.5;25.1,"ἐξῆλθεν ὁ σπείρων καὶ ἔβαλεν εἰς τὴν γῆν ἕκαστον τῶν σπερμάτων, ἅτινα πεσόντα εἰς τὴν γῆν ξηρὰ καὶ γυμνὰ διαλύεται: εἶτ̓ ἐκ τῆς διαλύσεως ἡ μεγαλειότης τῆς προνοίας τοῦ δεσπότου ἀνίστησιν αὐτά, καὶ ἐκ τοῦ ἑνὸς πλείονα αὔξει καὶ ἐκφέρει καρπόν. Ἴδωμεν τὸ παράδο"
1Cor 6:9,112,112,0.8934793,1Clem,merged_chunk,1Clem_15.5-16.2,1Clem 15.5;15.6;15.7;16.1;16.2,"διὰ τοῦτο ἄλαλα γενηθήτω τὰ χείηλ τὰ δόλια τὰ λαλοῦντα κατὰ τοῦ δικαίου ἀνομίαν. καὶ πάλιν: γλῶσσαν μεγαλορήμονα, τοὺς εἰπόντας: Τὴν γλῶσσαν ἡμῶν μεγαλυνοῦμεν, τὰ χείλη ἡμῶν παῤ ἡμῖν ἐστιν: τίς ἡμῶν κύριός ἐστιν; ἀπὸ τῆς ταλαιπωρίας τῶν πτωχῶν καὶ τοῦ στεναγμο"
1Cor 6:9,112,112,0.89335585,1Clem,merged_chunk,1Clem_56.10-56.15,1Clem 56.10;56.11;56.12;56.13;56.14;56.15,"καὶ ἀπὸ μάστιγος γλώσσης σε κρύψει, καὶ οὐ μὴ φοβηθήσῃ κακῶν ἐπερχομένων. ἀδίκων καὶ ἀνόμων καταγελάσῃ, ἀπὸ δὲ θηρίων ἀγρίων οὐ μὴ φοβηθῇς: θῆρες γὰρ ἄγριοι εἰρηνεύσουσίν σοι. εἶτα γνώσῃ, ὅτι εἰρηνεύσει σου ὁ οἶκος, ἡ δὲ δίαιτα τῆς σκηνῆς σου οὐ μὴ ἁμάρτῃ. γνώ"
1Cor 6:9,112,112,0.8931382,1Clem,merged_chunk,1Clem_44.3-44.5,1Clem 44.3;44.4;44.5,"τοὺς οὖν κατασταθέντας ὑπ̓ ἐκείνων ἢ μεταξὺ ὑφ̓ ἑτέρων ἐλλογίμων ἀνδρῶν συνενδοκησάσης τῆς ἐκκλησίας πάσης, καὶ λειτουργήσαντας ἀμέμπτως τῷ ποιμνίῳ τοῦ Χριστοῦ μετὰ ταπεινοφροσύνης, ἡσύχως καὶ ἀβαναύσως, μεμαρτυρημένους τε πολλοῖς χρόνοις ὑπὸ πάντων, τούτους ο"
1Cor 6:9,112,112,0.8929469,1Clem,merged_chunk,1Clem_16.17-17.1,1Clem 16.17;17.1,"ὁρᾶτε, ἅνδρες ἀγαπητοί, τίς ὁ ὑπογραμμὸς ὁ δεδομένος ἡμῖν: εἰ γὰρ ὁ κύριος οὕτως ἐταπεινοφρόνησεν, τί ποιήσωμεν ἡμεῖς οἱ ὑπὸ τὸν ζυγὸν τῆς χάριτος αὐτοῦ δἰ αὐτοῦ ἐλθόντες; Μιμηταὶ γενώμεθα κἀκείνων, οἵτινες ἐν δέρμασιν αἰγείοις καὶ μηλωταῖς περιεπάτησαν κηρύσσ"
1Tim 1:10,745,745,0.9103756,1Clem,merged_chunk,1Clem_5.6-6.3,1Clem 5.6;5.7;6.1;6.2;6.3,"ἑπτάκις δεσμὰ φορέσας, φυγαδευθείς, λιθασθείς, κήρυξ γενόμενος ἔν τε τῇ ἀνατολῇ καὶ ἐν τῇ δύσει, τὸ γενναῖον τῆς πίστεως αὐτοῦ κλέος ἔλαβεν, 4. ὑπομονῆς γενόμενος μέγιστος ὑπογραμμός. διὰ ζῆλος παθόντες ὑπόδειγμα κάλλιστον ἐγένοντο ἐν ἡμῖν. αἰκίσματα δεινὰ καὶ"
1Tim 1:10,745,745,0.90439767,1Clem,merged_chunk,1Clem_20.12-21.5,1Clem 20.12;21.1;21.2;21.3;21.4;21.5,"ᾧ ἡ δόξα καὶ ἡ μεγαλωσύνη εἰς τοὺς αἰῶνας τῶν αἰώνων. ἀμήν. ἡμῖν, ἐὰν μὴ ἀξίως αὐτοῦ πολιτευόμενοι τὰ καλὰ καὶ εὐάρεστα ἐνώπιον αὐτοῦ ποιῶμεν μεθ̓ ὁμονοίας. 20, 27 γάρ που: Πνεῦμα κυρίου λύχνος ἐρευνῶν τὰ ταμιεῖα τῆς γαστρός: ἴδωμεν. δίκαιον οὖν ἐστὶν μὴ λειπο"
1Tim 1:10,745,745,0.9039508,1Clem,merged_chunk,1Clem_22.8-23.2,1Clem 22.8;23.1;23.2,"Πολλαὶ αἱ μάστιγες τοῦ ἁμαρτωλοῦ, τοὺς δὲ ἐλπίζοντας ἐπὶ κύριον ἔλεος κυκλώσει. Ὁ οἰκτίρμων κατὰ πάντα καὶ εὐεργετικὸς πατὴρ ἔχει σπλάγχνα ἐπὶ τοὺς φοβουμένους αὐτόν, ἠπίως τε καὶ προσηνῶς τὰς χάριτας αὐτοῦ ἀποδιδοῖ τοῖς προσερχομένοις αὐτῷ ἁπλῇ διανοιᾳ. διὸ μ"
1Tim 1:10,745,745,0.90323114,1Clem,merged_chunk,1Clem_46.1-46.5,1Clem 46.1;46.2;46.3;46.4;46.5,"Τοιούτοις οὖν ὑποδείγμασιν κολληθῆναι καὶ ἡμᾶς δεῖ, ἀδελφοί. γέγραπται γάρ: Κολλᾶσθε τοῖς ἁγίοις, ὅτι οἱ κολλώμενοι αὐτοῖς ἁγιασθήσονται. καὶ πάλιν ἐν ἑτέρῳ τόπῳ λέγει: 17. ἀνδρὸς ἀθῷον ἀθῷος ἔσῃ καὶ μετὰ ἐκλεκτοῦ ἐκλεκτὸς ἔσῃ. καὶ μετὰ στρεβλοῦ διαστρέψεις. κ"
1Tim 1:10,745,745,0.90191036,1Clem,merged_chunk,1Clem_26.3-27.4,1Clem 26.3;27.1;27.2;27.3;27.4,"Καὶ ἀναστήσεις τὴν σάρκα μου ταύτην τὴν ἀναντλήσασαν ταῦτα πάντα. Ταύτῃ οὖν τῇ ἐλπίδι προσδεδέσθωσαν αἱ ψυχαὶ ἡμῶν τῷ πιστῷ ἐν ταῖς ἐπαγγελίαις καὶ τῷ δικαίῳ ἐν τοῖς κρίμασιν. ὁ παραγγείλας μὴ ψεύδεσθαι, πολλῷ μᾶλλον αὐτὸς οὐ ψεύσεται: οὐδὲν γὰρ ἀδύνατον παρὰ "
1Tim 1:10,745,745,0.89771754,1Clem,merged_chunk,1Clem_2.6-3.1,1Clem 2.6;2.7;2.8;3.1,"πᾶσα στάσις καὶ πᾶν σχίσμα βδελυκτὸν ἦν ὑμῖν. ἐπὶ τοῖς παραπτώμασιν τῶν πλησίον ἐπενθεῖτε: τὰ ὑστερήματα αὐτῶν ἴδια ἐκρίνετε. ἀμεταμέλητοι ἦτε ἐπὶ πάσῃ ἀγαθοποιΐᾳ, ἕτοιμοι εἰς πᾶν ἔργον ἀγαθόν. τῇ παναρέτῳ καὶ σεβασμίῳ πολιτείᾳ κεκοσμημένοι πάντα ἐν τῷ φόβῳ αὐ"
1Tim 1:10,745,745,0.8971434,1Clem,merged_chunk,1Clem_18.7-18.12,1Clem 18.7;18.8;18.9;18.10;18.11;18.12,"ῥαντιεῖς με ὑσσώπῳ, καὶ καθαρισθήσομαι: πλυνεῖς με, καὶ ὑπὲρ χιόνα λευκανθήσομαι. ἀκουτιεῖς με ἀγαλλίασιν καὶ εὐφροσύνην. ἀγαλλιάσονται ὀστᾶ τεταπεινωμένα. ἀπόστρεψον τὸ πρόσωπόν σου ἀπὸ τῶν ἁμαρτιῶν μου, καὶ πάσας τὰς ἀνομίας μου ἐξάλειψον. καρδίαν καθαρὰν κτ"
1Tim 1:10,745,745,0.895954,Didache,merged_chunk,Didache_4.13-5.1,Didache 4.13;4.14;5.1,"οὐ μὴ ἐγκαταλίπῃς ἐντολὰς κυρίου, φυλάξεις δὲ ἃ παρέλαβες, μήτε 4, 2, 12, 62 προστιθεὶς μήτε ἀφαιρῶν. ἐν ἐκκλησίᾳ ἐξομολογήσῃ τὰ παραπτώματά σου, καὶ οὐ προσελεύσῃ ἐπὶ προσευχήν σου ἐν συνειδήσει πονηρᾷ: αὕτη ἐστὶν ἡ ὁδὸς τῆς ζωῆς. ʽΠ δὲ τοῦ θανάτου ὁδός ἐστιν"
1Tim 1:10,745,745,0.89495945,1Clem,merged_chunk,1Clem_14.1-14.4,1Clem 14.1;14.2;14.3;14.4,"Δίκαιον οὖν καὶ ὅσιον, ἄνδρες ἀδελφοί, ὑπηκόους ἡμᾶς μᾶλλον γενέσθαι τῷ θεῷ ἡ τοῖς ἐν ἀλαζονείᾳ καὶ ἀκαταστασίᾳ μυσεροῦ ζήλους ἀρχηγοῖς ἐξακολουθεῖν. βλάβην γὰρ οὐ τὴν τυχοῦσαν, μᾶλλον δὲ κίνδυνον ὑποίσομεν μέγαν, ἐὰν ῥιψοκινδύνως ἐπιδῶμεν ἑαυτοὺς τοῖς θελήμασ"
1Tim 1:10,745,745,0.8938835,1Clem,merged_chunk,1Clem_33.1-33.2,1Clem 33.1;33.2,"Τί οὖν ποιήσωμεν, ἀδελφοί; ἀργήσωμεν ἀπὸ τῆς ἀγαθοποιΐας καὶ ἐγκαταλίπωμεν τὴν ἀγάπην; μηθαμῶς τοῦτο ἐάσαι ὁ δεσπότης ἐφ̓ ἡμῖν γε γενηθῆναι, ἀλλὰ σπεύσωμεν μετὰ ἐκτενείας καὶ προθυμίας πᾶς ἔργον ἀγαθὸν ἐπιτελεῖν. αὐτὸς γὰρ ὁ δημιουργὸς καὶ δεσπότης τῶν ἁπάντων"
1Tim 1:10,745,745,0.892559,1Clem,merged_chunk,1Clem_20.10-20.11,1Clem 20.10;20.11,"ἀνέμων σταθμοὶ κατὰ τὸν ἴδιον καιρὸν τὴν λειτουργίαν αὐτῶν ἀπροσκόπως ἐπιτελοῦσιν: ἀέναοί τε πηγαί, πρὸς ἀπόλαυσιν καὶ ὑγείαν δημιουργηθεῖσαι, δίχα ἐλλείψεως παρέχονται τοὺς πρὸς ζωῆς ἀνθρώποις μαζούς: τά τε ἐλάχιστα τῶν ζώων τὰς συνελεύσεις αὐτῶν ἐν ὁμονοίᾳ κ"
1Tim 1:10,745,745,0.8916723,1Clem,merged_chunk,1Clem_53.5-54.3,1Clem 53.5;54.1;54.2;54.3,"ὢ μεγάλης ἀγάπης, ὢ τελειότητος ἀνυπερβλήτου. παρρησιάζεται θεράπων πρὸς κύριον, αἰτεῖται ἄφεσιν τῷ πλήθει, ἢ καὶ ἑαυτὸν ἐξαλειφθῆναι μετ̓ αὐτῶν ἀξιοῖ. Τίς οὖν ἐν ὑμῖν γενναῖος, τίς εὔσπλαγχνος, τίς πεπληροφορημένος ἀγάπης; εἰπάτω: Εἰ δἰ ἐμὲ στάσις καὶ ἔρις κα"
1Tim 1:10,745,745,0.8907889,Didache,merged_chunk,Didache_13.2-13.6,Didache 13.2;13.3;13.4;13.5;13.6,"ὡσαύτως διδάσκαλος ἀληθινός ἐστιν ἄξιος καὶ αὐτὸς ὥσπερ ὁ ἐργάτης τῆς τροφῆς αὐτοῦ. πᾶσαν οὖν ἀπαρχὴν γεννημάτων ληνοῦ καὶ ἅλωνος, βοῶν τε καὶ προβάτων λαβὼν δώσεις τὴν ἀπαρχὴν τοῖς προφήταις: αὐτοὶ γάρ εἰσιν οἱ ἀρχιερεῖς ὑμῶν. ἐὰν δὲ μὴ ἔχητε προφήτην, δότε τ"
1Tim 1:10,745,745,0.8907867,1Clem,merged_chunk,1Clem_35.3-35.6,1Clem 35.3;35.4;35.5;35.6,"τίνα οὖν ἄρα ἐστὶν τὰ ἑτοιμαζόμενα τοῖς ὑπομένουσιν; ὁ δημιουργὸς καὶ πατὴρ τῶν αἰώνων ὁ πανάγιος αὐτὸς γινώσκει τὴν ποσότητα καὶ τὴν καλλονὴν αὐτῶν. ἡμεῖς οὖν ἀγωνισώμεθα εὑρεθῆναι ἐν τῷ ἀριθμῷ τῶν ὑπομενόντων, ὅπως μεταλάβωμεν τῶν ἐπηγγελμένων δωρεῶν. πῶς δὲ"
1Tim 1:10,745,745,0.890585,1Clem,merged_chunk,1Clem_20.4-20.9,1Clem 20.4;20.5;20.6;20.7;20.8;20.9,"γῆ κυοφοροῦσα κατὰ τὸ θέλημα αὐτοῦ τοῖς ἰδίοις καιροῖς τὴν πανπληθῆ ἀνθρώποις τε καὶ θηρσὶν καὶ πᾶσιν τοῖς οὖσιν ἐπ̓ αὐτῆς ζώοις ἀνατέλλει τροφήν, μὴ διχοστατοῦσα μηδὲ ἀλλοιοῦσά τι τῶν δεδογματισμένων ὑπ̓ αὐτοῦ. τοῖς αὐτοῖς συνέχεται προστάγμασιν.  εἶπεν γάρ: "
1Tim 1:10,745,745,0.89032614,1Clem,merged_chunk,1Clem_55.4-55.6,1Clem 55.4;55.5;55.6,"Ἰουδὶθ ἡ μακαρία, ἐν συγκλεισμῷ οὔσης τῆς πόλεως, ᾐτήσατο παρὰ τῶν πρεσβυτέρων ἐαθῆναι αὐτὴν ἐξελθεῖν εἰς τὴν παρεμβολὴν τῶν ἀλλοφύλων.  τοῦ Ἰσραὴλ μέλλον ἀπολέσθαι ῥύσηται: τῶν αἰώνων: ὃς ἰδὼν τὸ ταπεινὸν τῆς ψυχῆς αὐτῆς ἐρύσατο τὸν λαόν, ὧν χάριν ἐκινδύνευσε"
1Tim 1:10,745,745,0.8897908,1Clem,merged_chunk,1Clem_44.6-45.6,1Clem 44.6;45.1;45.2;45.3;45.4;45.5;45.6,"ὁρῶμεν γάρ, ὅτι ἐνίους ὑμεῖς μετηγάγετε καλῶς πολιτευομένους ἐκ τῆς ἀμέμπτως αὐτοῖς τετιμημένης λειτουργίας. Φιλόνεικοι ἔστε, ἀδελφοί, καὶ ζηλωταὶ περὶ τῶν ἀνηκόντων εἰς σωτηρίαν. ἐγκεκύφατε εἰς τὰς ἱερὰς γραφάς, τὰς ἀληθεῖς, τὰς διὰ τοῦ πνεύματος τοῦ ἁγίου. ἐ"
1Tim 1:10,745,745,0.8894288,1Clem,merged_chunk,1Clem_52.1-53.1,1Clem 52.1;52.2;52.3;52.4;53.1,"Ἀπροσδεής, ἀδελφοί, ὁ δεσπότης ὑπάρχει τῶν ἁπάντων: οὐδὲν οὐδενὸς χρῄζει εἰ μὴ τὸ ἐξομολογεῖσθαι αὐτῷ. 69, 30-32 Δαυείδ: Ἐξομολογήσομαι τῷ κυρίῳ, καὶ ἀρέσει αὐτῷ ὑπὲρ μόσχον νέον κέρατα ἐκφέροντα καὶ ὁπλάς: ἰδέτωσαν πτωχοὶ καὶ εὐφρανθήτωσαν. 50, 14. 15 καὶ πάλ"
1Tim 1:10,745,745,0.88702047,1Clem,merged_chunk,1Clem_47.3-47.6,1Clem 47.3;47.4;47.5;47.6,"ἐπ̓ ἀληθείας πνευματικῶς ἐπέστειλεν ὑμῖν περὶ ἑαυτοῦ τε καὶ Κηφᾶ τε καὶ Ἀπολλώ, διὰ τὸ καὶ τότε προσκλίσεις ὑμᾶς πεποιῆσθαι. ἀλλ̓ ἡ πρόσκλισις ἐκείνη ἥττονα ἁμαρτίαν ὑμῖν προσήνεγκεν: προσεκλίθητε γὰρ ἀποστόλοις μεμαρτυρημένοις καὶ ἀνδρὶ δεδοκιμασμένῳ παῤ αὐτο"
1Tim 1:10,745,745,0.8865735,1Clem,merged_chunk,1Clem_48.5-49.5,1Clem 48.5;48.6;49.1;49.2;49.3;49.4;49.5,"ἐν ἔργοις. τοσούτῳ γὰρ μᾶλλον ταπεινοφρονεῖν ὀφείλει, ὅσῳ δοκεῖ μᾶλλον μείζων εἶναι, καὶ ζητεῖν τὸ κοινωφελὲς πᾶσιν, καὶ μὴ τὸ ἑαυτοῦ. Ὁ ἔχων ἀγάπην ἐν Χριστῷ ποιησάτω τὰ τοῦ Χριστοῦ παραγγέλματα. τὸν δεσμὸν τῆς ἀγάπης τοῦ θεοῦ τίς δύναται ἐξηγήσασθαι; τὸ μεγα"
1Tim 1:10,745,745,0.8860267,Didache,merged_chunk,Didache_5.2-5.2,Didache 5.2,"διῶκται ἀγαθῶν, μισοῦντες ἀλήθειαν, ἀγαπῶντες ψεῦδος, οὐ γινώσκοντες μισθὸν δικαιοσύνης, οὐ 12, 9 κολλώμενοι ἀγαθῷ οὐδὲ κρίσει δικαίᾳ, ἀγρυπνοῦντες οὐκ εἰς τὸ ἀγαθόν, ἀλλ̓ εἰς τὸ πονηρόν Ps. 4, 2 ὧν μακρὰν πραΰτης καὶ ὑπομονή, μάταια ἀγαπῶντες, Ps. 1, 23 διώκο"
1Tim 1:10,745,745,0.88596547,1Clem,merged_chunk,1Clem_6.4-7.5,1Clem 6.4;7.1;7.2;7.3;7.4;7.5,"ζῆλος καὶ ἔρις πόλεις μεγάλας κατέστρεψεν καὶ ἔθνη μεγάλα ἐξερίζωσεν. Ταῦτα, ἀγαπητοί, οὐ μόνον ὑμᾶς νουθετοῦντες ἐπιστέλλομεν, ἀλλὰ καὶ ἑαυτοὺς ὑπομιμνήσκοντες: ἐν γὰρ τῷ αὐτῷ ἐσμὲν σκάμματι, καὶ ὁ αὐτὸς ἡμῖν ἀγὼν ἐπίκειται. διὸ ἀπολίπωμεν τὰς κενὰς καὶ ματαί"
1Tim 1:10,745,745,0.8838326,1Clem,merged_chunk,1Clem_22.2-22.7,1Clem 22.2;22.3;22.4;22.5;22.6;22.7,"τίς ἐστιν ἄνθρωπος ὁ θέλων ζωήν, ἀγαπῶν ἡμέρας ἰδεῖν ἀγαθάς ; παῦσον τὴν γλῶσσάν σου ἀπὸ κακοῦ, καὶ χείλη σου τοῦ μὴ λαλῆσαι δόλον. ἔκκλινον ἀπὸ κακοῦ, καὶ ποίησον ἀγαθόν. ζήτησον εἰρήνην, καὶ δίωξον αὐτήν: ὀφθαλμοὶ κυρίου ἐπὶ δικαίους, καὶ ὦτα αὐτοῦ πρὸς δέησ"
1Tim 1:10,745,745,0.8836984,1Clem,merged_chunk,1Clem_28.4-29.2,1Clem 28.4;29.1;29.2,"ποῖ οὖν τις ἀπέλθῃ ἢ ποῦ ἀποδράσῃ ἀπὸ τοῦ τὰ πάντα ἐμπεριέχοντος; Προσέλθωμεν οὖν αὐτῷ ἐν ὁσιότητι ψυχῆς, ἁγνὰς καὶ ἀμιάντους χεῖρας αἴροντες πρὸς αὐτόν, ἀγαπῶντες τὸν ἐπιεικῆ καὶ εὔσπλαγχνον πατέρα ἡμῶν, ὃς ἐκλογῆς μέρος ἡμᾶς ἐποίησεν ἑαυτῷ. οὕτω γὰρ γέγραπτα"
1Tim 1:10,745,745,0.88298315,Didache,merged_chunk,Didache_8.1-8.2,Didache 8.1;8.2,"Αἱ δὲ νηστεῖαι ὑμῶν μὴ ἔστωσαν μετὰ τῶν ὑποκριτῶν. νηστεύουσι γὰρ δευτέρᾳ σαββάτων καὶ πέμπτῃ: ὑμεῖς δὲ νηστεύσατε τετράδα καὶ παρασκευήν. μηδὲ προσεύχεσθε ὡς οἱ ὑποκριταί, ἀλλ̓ ὡς ἐκέλευσεν ὁ κύριος ἐν τῷ εὐαγγελίῳ αὐτοῦ, οὕτω προσεύχεσθε: Πάτερ ἡμῶν ὁ ἐν τῷ "
1Tim 1:10,745,745,0.88244945,1Clem,merged_chunk,1Clem_19.1-19.2,1Clem 19.1;19.2,"Τῶν τοσούτων οὖν καὶ τοιούτων οὕτως μεμαρτυρημένων τὸ ταπεινόφρον καὶ τὸ ὑποδεὲς διὰ τῆς ὑπακοῆς οὐ μόνον ἡμᾶς, ἀλλὰ καὶ τὰς πρὸ ἡμῶν γενεὰς βελτίους ἐποίησεν, τούς τε καταδεξαμένους τὰ λόγια αὐτοῦ ἐν φόβῳ καὶ ἀληθείᾳ. πολλῶν οὖν καὶ μεγάλων καὶ ἐνδόξων μετειλ"
1Tim 1:10,745,745,0.88085556,1Clem,merged_chunk,1Clem_38.3-39.2,1Clem 38.3;38.4;39.1;39.2,"ἀναλογισώμεθα οὖν, ἀδελφοί, ἐκ ποίας ὕλης ἐγενήθημεν, ποῖοι καὶ τίνες εἰσήλθαμεν εἰς τὸν κόσμον, ἐκ ποίου τάφου καὶ σκότους ὁ πλάσας ἡμᾶς καὶ δημιουργήσας εἰσήγαγεν εἰς τὸν κόσμον αὐτοῦ, προετοιμάσας τὰς εὐεργεσίας αὐτοῦ, πρὶν ἡμᾶς γεννηθῆναι. ταῦτα οὖν πάντα "
1Tim 1:10,745,745,0.88080806,1Clem,merged_chunk,1Clem_43.6-44.2,1Clem 43.6;44.1;44.2,"τί δοκεῖτε, ἀγαπητοί; οὐ προῄδει Μωϋσῆς τοῦτο μέλλειν ἔσεσθαι; μάλιστα ᾔδει: 17, 3 ὄνομα τοῦ ἀληθινοῦ καὶ μόνου θεοῦ: ᾦ ἡ δόξα εἰς τοὺς αἰῶνας τῶν αἰώνων. ἀμήν. Καὶ οἱ ἀπόστολοι ἡμῶν ἔγνωσαν διὰ τοῦ κυρίου ἡμῶν Ἰησοῦ Χριστοῦ, ὅτι ἔρις ἔσται ἐπὶ τοῦ ὀνόματος τῆ"
1Tim 1:10,745,745,0.8807194,1Clem,merged_chunk,1Clem_63.3-63.4,1Clem 63.3;63.4,"ἐπέμψαμεν δὲ ἄνδρας πιστοὺς καὶ σώφρονας ἀπὸ νεότητος ἀναστραφέντας ἕως γήρους ἀμέμπτως ἐν ἡμῖν, οἵτινες καὶ μάρτυρες ἔσονται μεταξὺ ὑμῶν καὶ ἡμῶν. τοῦτο δὲ ἐποιήσαμεν, ἵνα εἰδῆτε. ὅτι πᾶσα ἡμῖν φροντὶς καὶ γέγονεν καὶ ἔστιν εἰς τὸ ὲν τάχει ὑμᾶς εἰρηνεῦσαι."
1Tim 1:10,745,745,0.8800902,1Clem,merged_chunk,1Clem_58.1-58.2,1Clem 58.1;58.2,"Ὑπακούσωμεν οὖν τῷ παναγίῳ καὶ ἐνδόξῳ ὀνόματι αὐτοῦ φυγόντες τὰς προειρημένας διὰ τῆς σοφίας τοῖς ἀπειθοῦσιν ἀπειλάς, ἵνα κατασκηνώσωμεν πεποιθότες ἐπὶ τὸ ὁσιώτατον τῆς μεγαλωσύνης αὐτοῦ ὄνομα. δέξασθε τὴν συμβουλὴν ἡμῶν, καὶ ἔσται ἀμεταμέλητα ὑμῖν. ὁ κύριος Ἰ"
1Tim 1:10,745,745,0.87987924,1Clem,merged_chunk,1Clem_7.6-8.2,1Clem 7.6;7.7;8.1;8.2,"3; μετάνοιαν, καὶ οἱ ὑπακούσαντες ἐσώθησαν. Ἰωνᾶς Νινευΐταις καταστροφὴν ἐκήρυξεν: οἱ δὲ μετανοήσαντες ἐπὶ τοῖς ἁμαρτήμασιν αὐτῶν ἐξιλάσαντο τὸν θεὸν ἱκετεύσαντες καὶ ἔλαβον σωτηρίαν, καίπερ ἀλλότριοι τοῦ θεοῦ ὄντες. Οἱ λειτουργοὶ τῆς χάριτος τοῦ θεοῦ διὰ πνεύ"
1Tim 1:10,745,745,0.8788784,1Clem,merged_chunk,1Clem_1.3-1.3,1Clem 1.3,"ἀπροσωπολήμπτως γὰρ πάντα ἐποιεῖτε καὶ ἐν τοῖς νομίμοις τοῦ θεοῦ ἐπορεύεσθε, ὑποτασσόμενοι τοῖς ἡγουμένοις ὑμῶν, καὶ τιμὴν τὴν καθήκουσαν ἀπονέμοντες τοῖς παῤ ὑμῖν πρεσβυτέροις: νέοις τε μέτρια καὶ σεμνὰ νοεῖν ἐπετρέπετε: γυναιξίν τε ἐν ἀμώμῳ καὶ σεμνῇ καὶ ἁγν"
1Tim 1:10,745,745,0.87790287,1Clem,merged_chunk,1Clem_25.4-26.2,1Clem 25.4;25.5;26.1;26.2,"καὶ ἡμέρας, βλεπόντων πάντων, ἐπιπτὰς ἐπὶ τὸν τοῦ ἡλίου βωμὸν τίθησιν αὐτὰ καὶ οὕτως εἰς τοὐπίσω ἀφορμᾷ. οἱ οὖν ἱερεῖς ἐπισκέπτονται τὰς ἀναγραφὰς τῶν χρόνων καὶ εὑρίσκουσιν αὐτὸν πεντακοσιοστοῦ ἔτους πεπληρωμένου ἐληλυθέναι. Μέγα καὶ θαυμαστὸν οὖν νομίζομεν ε"
1Tim 1:10,745,745,0.87756485,Didache,merged_chunk,Didache_13.7-14.2,Didache 13.7;14.1;14.2,"ἀργυρίου δὲ καὶ ἱματισμοῦ καὶ παντὸς κτήματος λαβὼν τὴν ἀπαρχήν, ὡς ἄν σοι δόξῃ, δὸς κατὰ τὴν ἐντολήν. Κατὰ κυριακὴν δὲ κυρίου συναχθέντες κλάσατε ἄρτον καὶ εὐχαριστήσατε, προεξομολογησάμενοι C. τὰ παραπτώματα ὑμῶν, ὅπως καθαρὰ ἡ cf. . 24 θυσία ὑμῶν h(mw=n C. "
1Tim 1:10,745,745,0.8774012,1Clem,merged_chunk,1Clem_43.2-43.3,1Clem 43.2;43.3,"ἐκεῖνος γάρ, ζήλου ἐμπεσόντος περὶ τῆς ἱερωσύνης καὶ στασιαζουσῶν τῶν φυλῶν, ὁποία αὐτῶν εἴη τῷ ἐνδόξῳ ὀνόματι κεκοσμημένη, ἐκέλευσεν τοὺς δώδεκα φυλάρχους προσενεγκεῖν αὐτῷ ῥάβδους ἐπιγεγραμμένας ἑκάστης φυλῆς κατ̓ ὄνομα: καὶ λαβὼν αὐτὰς ἔδησεν καὶ ἐσφράγισεν"
1Tim 1:10,745,745,0.8768404,1Clem,merged_chunk,1Clem_65.1-65.1,1Clem 65.1,"Τοὺς δὲ ἀπεσταλμένους ἀφ̓ ἡμῶν Κλαύδιον Ἔφηβον καὶ Οὐαλέριον Βίτωνα σὺν καὶ Φορτουνάτῳ ἐν εἰρήνῃ μετὰ χαρᾶς ἐν τάχει ἀναπέμψατε πρὸς ἡμᾶς, ὅπως θᾶττον τὴν εὐκταίαν καὶ ἐπιποθήτην ἡμῖν εἰρήνην καὶ ὁμόνοιαν ἀπαγγέλλωσιν, εἰς τὸ τάχιον καὶ ἡμᾶς χαρῆναι περὶ τῆς ε"
1Tim 1:10,745,745,0.87626207,1Clem,merged_chunk,1Clem_33.3-33.4,1Clem 33.3;33.4,τῷ γὰρ παμμεγεθεστάτῳ αὐτοῦ κράτει οὐρανοὺς ἐστήρισεν καὶ τῇ ἀκαταλήπτῳ αὐτοῦ συνέσει διεκόσμησεν αὐτούς: γῆν τε διεχώρισεν ἀπὸ τοῦ περιέχοντος αὐτὴν ὕδατος καὶ ἥδρασεν ἐπὶ τὸν ἀσφαλῆ τοῦ ἰδίου βουλήματος θεμέλιον: τά τε ἐν αὐτῇ ζῶα φοιτῶντα τῇ ἑαυτοῦ διατάξει
1Tim 1:10,745,745,0.87601227,1Clem,merged_chunk,1Clem_56.10-56.15,1Clem 56.10;56.11;56.12;56.13;56.14;56.15,"καὶ ἀπὸ μάστιγος γλώσσης σε κρύψει, καὶ οὐ μὴ φοβηθήσῃ κακῶν ἐπερχομένων. ἀδίκων καὶ ἀνόμων καταγελάσῃ, ἀπὸ δὲ θηρίων ἀγρίων οὐ μὴ φοβηθῇς: θῆρες γὰρ ἄγριοι εἰρηνεύσουσίν σοι. εἶτα γνώσῃ, ὅτι εἰρηνεύσει σου ὁ οἶκος, ἡ δὲ δίαιτα τῆς σκηνῆς σου οὐ μὴ ἁμάρτῃ. γνώ"
1Tim 1:10,745,745,0.8757693,1Clem,merged_chunk,1Clem_63.1-63.2,1Clem 63.1;63.2,"Θεμιτὸν οὖν ἐστὶν τοῖς τοιούτοις καὶ τοσούτοις ὑποδείγμασιν προσελθόντας ὑποθεῖναι τὸν τράχηλον καὶ τὸν τῆς ὑπακοῆς τόπον ἀναπληρῶσαι, ὅπως ἡσυχάσαντες τῆς ματαίας στάσεως ἐπὶ τὸν προκείμενον ἡμῖν ἐν ἀληθείᾳ σκοπὸν δίχα παντὸς μώμου καταντήσωμεν. χαρὰν γὰρ καὶ"
1Tim 1:10,745,745,0.8753828,1Clem,merged_chunk,1Clem_42.2-42.5,1Clem 42.2;42.3;42.4;42.5,"ὁ Χριστος οὖν ἀπὸ τοῦ θεοῦ καὶ οἱ ἀπόστολοι ἀπὸ τοῦ Χριστοῦ: ἐγένοντο οὖν ἀμφότερα εὐτάκτως ἐκ θελήματος θεοῦ. παραγγελίας οὖν λαβόντες καὶ πληροφορηθέντες διὰ τῆς ἀναστάσεως τοῦ κυρίου ἡμῶν Ἰησοῦ Χριστοῦ καὶ πιστωθέντες ἐν τῷ λόγῳ τοῦ θεοῦ, μετὰ πληροφορίας π"
1Tim 1:10,745,745,0.8750266,Didache,merged_chunk,Didache_7.2-7.4,Didache 7.2;7.3;7.4,"ἐὰν δὲ μὴ ἔχῃς ὕδωρ ζῶν, εἰς ἄλλο ὕδωρ βάπτισον: εἰ δ̓ οὐ δύνασαι ἐν ψυχρῷ, ἐν θερμῷ. ἐὰν δὲ ἀμφότερα μὴ ἔχῃς, ἔκχεον εἰς τὴν κεφαλὴν τρὶς ὕδωρ εἰς ὄνομα πατρὸς καὶ υἱοῦ καὶ ἁγίου πνεύματος. πρὸ δὲ τοῦ βαπτίσματος προνηστευσάτω ὁ βαπτίζων καὶ ὁ βαπτιζόμενος κα"
1Tim 1:10,745,745,0.87459964,1Clem,merged_chunk,1Clem_16.4-16.6,1Clem 16.4;16.5;16.6,"οὗτος τὰς ἁμαρτίας ἡμῶν φέρει καὶ περὶ ἡμῶν ὀδυνᾶται, καὶ ἡμεῖς ἐλογισάμεθα αὐτὸν εἶναι ἐν πόνῳ καὶ ἐν πληγῇ καὶ ἐν κακώσει: αὐτὸς δὲ ἐτραυματίσθη διὰ τὰς ἁμαρτίας ἡμῶν καὶ μεμαλάκισται διὰ τὰς ἀνομίας ἡμῶν. παιδεία εἰρήνης ἡμῶν ἐπ̓ αὐτόν: τῷ μώλωπι αὐτοῦ ἡμεῖ"
1Tim 1:10,745,745,0.8742353,1Clem,merged_chunk,1Clem_46.8-47.2,1Clem 46.8;46.9;47.1;47.2,"εἶπεν γάρ: Οὐαὶ ( ; ); ( ; ) τῷ ἀνθρώπῳ ἐκείνῳ: καλὸν ἦν αὐτῷ, εἰ οὐκ ἐγεννήθη, ἦ ἕνα τῶν ἐκλεκτῶν μου σκανδαλίσαι κρεῖττον ἢν αὐτῷ περιτεθῆναι μύλον καὶ καταπον τισθῆναι εἰς τὴν θάλασσαν, ἢ ἕνα τῶν ἐκλεκτῶν μου διαστρέψαι. τὸ σχίσμα ὑμῶν πολλοὺς διέστρεψεν, π"
1Tim 1:10,745,745,0.87154454,Didache,merged_chunk,Didache_4.2-4.7,Didache 4.2;4.3;4.4;4.5;4.6;4.7,"ἐκζητήσεις δὲ καθ̓ ἡμέραν τὰ πρόσωπα τῶν ἁγίων, ἵνα ἐπαναπαῇς τοῖς λόγοις αὐτῶν. οὐ ποθήσεις to σχίσμα, εἰρηνεύσεις 1, 16; 81, 9; cf. 7, 24 δὲ μαχομένους: κρινεῖς δικαίως, οὐ λήψῃ πρόσωπον ἐλέγξαι ἐπὶ παραπτώμασιν. οὐ διψυχήσεις, πότερον ἔσται ἢ οὔ. Μὴ γίνου π"
1Tim 1:10,745,745,0.87125725,1Clem,merged_chunk,1Clem_17.2-17.5,1Clem 17.2;17.3;17.4;17.5,"ἐμαρτυρήθη μεγάλως Ἀβραὰμ καὶ φίλος προσηγορεύθη τοῦ θεοῦ, καὶ λέγει ἀτενίζων εἰς τὴν δόξαν τοῦ θεοῦ ταπεινοφρονῶν: Ἐγὼ δέ εἰμι γῆ καὶ σποδός. Ἰὼβ δὲ ἦν δίκαιος καὶ ἄμεμπτος, ἀληθινός, θεοσεβής, ἀπεχόμενος ἀπὸ παντὸς κακοῦ. ἀλλ̓ αὐτὸς ἑαυτοῦ κατηγορεῖ λέγων: Μ"
1Tim 1:10,745,745,0.87067527,1Clem,merged_chunk,1Clem_59.1-59.2,1Clem 59.1;59.2,"Ἐὰν δέ τινες ἀπειθήσωσιν τοῖς ὑπ̓ αὐτοῦ δἰ ἡμῶν εἰρημένοις, γινωσκέτωσαν ὅτι παραπτώσει καὶ κινδύνῳ οὐ μικρῷ ἑαυτοὺς ἐνδήσουσιν. ἡμεῖς δὲ ἀθῷοι ἐσόμεθα ἀπὸ ταύτης τῆς ἁμαρτίας καὶ αἰτησόμεθα ἐκτενῆ τὴν δέησιν καὶ ἱκεσίαν ποιούμενοι, ὅπως τὸν ἀριθμὸν τὸν κατηρι"
1Tim 1:10,745,745,0.87054116,1Clem,merged_chunk,1Clem_10.4-10.5,1Clem 10.4;10.5,"καὶ πάλιν ἐν τῷ διαχωρισθῆναι αὐτὸν ἀπὸ Λὼτ εἶπεν αὐτῷ ὁ θεός. Ἀναβλέψας τοῖς ὀφθαλμοῖς σου ἴδε ἀπὸ τοῦ τόπου, οὖ νῦν σὺ εἶ, πρὸς βορρᾶν καὶ λίβα καὶ ἀνατολὰς καὶ θάλασσαν, ὅτι πᾶσαν τὴν γῆν, ἣν σὺ ὁρᾷς, σοὶ δώσω αὐτὴν καὶ τῷ σπέρματί σου ἕως αἰῶνος. καὶ ποιήσ"
1Tim 1:10,745,745,0.87034714,1Clem,merged_chunk,1Clem_5.1-5.5,1Clem 5.1;5.2;5.3;5.4;5.5,"Ἀλλ̓ ἵνα τῶν ἀρχαίων ὑποδειγμάτων παυσώμεθα, ἔλθωμεν ἐπὶ τοὺς ἔγγιστα γενομένους ἀθλητάς: λάβωμεν τῆς γενεᾶς ἡμῶν τὰ γενναῖα ὑποδείγματα. διὰ ζῆλον καὶ φθόνον οἱ μέγιστοι καὶ δικαιότατοι στύλοι ἐδιώχθησαν καὶ ἕως θανάτου ἤθλησαν. λάβωμεν πρὸ ὀφθαλμῶν ἡμῶν τοὺς"
1Tim 1:10,745,745,0.86927766,1Clem,merged_chunk,1Clem_23.5-24.4,1Clem 23.5;24.1;24.2;24.3;24.4,"3,1 καὶ τῆς γραφῆς, ὅτι ταχὺ ἥξει καὶ οὐ χρονιεῖ, καὶ ἐξαίφνης ἥξει ὁ κύριος εἰς τὸν ναὸν αὐτοῦ, καὶ ὁ ἅγιος, ὃν ὑμεῖς προσδοκᾶτε.  ἴδωμεν, ἀγαπητοί. τὴν κατὰ καιρὸν γινομένην ἀνάστασιν. ἡμέρα καὶ νὺξ ἀνάστασιν ἡμῖν δηλοῦσιν: κοιμᾶται ἡ νύξ, ἀνίσταται ἡ ἡμέρα:"
1Tim 1:10,745,745,0.86909044,1Clem,merged_chunk,1Clem_54.4-55.3,1Clem 54.4;55.1;55.2;55.3,"ταῦτα οἱ πολιτευόμενοι τὴν ἀμεταμέλητον πολιτείαν τοῦ θεοῦ ἐποίησαν καὶ ποιήσουσιν. Ἵνα δὲ καὶ ὑποδείγματα ἐθνῶν ἐνέγκωμεν. πολλοὶ βασιλεῖς καὶ ἡγούμενοι, λοιμικοῦ τινος ἐνστάντος καιροῦ, χρησμοδοτηθέντες παρέδωκαν ἑαυτοὺς εἰς θάνατον, ἵνα ῥύσωνται διὰ τοῦ ἑαυ"
1Tim 1:10,745,745,0.8681622,1Clem,merged_chunk,1Clem_53.3-53.4,1Clem 53.3;53.4,"καὶ εἶπεν κύριος πρὸς αὐτόν: Λελάληκα , 14, ( ) πρός σε ἅπαξ καὶ δὶς λέγων: Ἑώρακα τὸν λαὸν τοῦτον, καὶ ἰδού ἐστιν σκληροτράχηλος: ἔασόν με ἐξολεθρεῦσαι αὐτούς, καὶ ἐξαλείψω τὸ ὄνομα αὐτῶν ὑποκάτωθεν τοῦ οὐρανοῦ, καὶ ποιήσω σε εἰς ἔθνος μέγα καὶ θαυμαστὸν καὶ "
1Tim 1:10,745,745,0.86811143,1Clem,merged_chunk,1Clem_23.3-23.4,1Clem 23.3;23.4,"πόρρω γενέσθω ἀφ̓ ἡμῶν ἡ γραφὴ αὕτη, ὅπου λέγει: Ταλαίπωροί εἰσιν οἱ δίψυχοι, οἱ διστάζοντες τῇ ψυχῇ, οἱ λέγοντες: Ταῦτα ἠκούσαμεν καὶ ἐπὶ τῶν πατέρων ἡμῶν, καὶ ἰδού, γεγηράκαμεν, καὶ οὐδὲν ἡμῖν τούτων συνβέβηκεν. ὧ ἀνόητοι, συμβάλετε ἑαυτοὺς ξύλῳ: λάβετε ἄμπε"
1Tim 1:10,745,745,0.86808956,1Clem,merged_chunk,1Clem_61.2-61.2,1Clem 61.2,"σὺ γάρ, δέσποτα ἐπουράνιε, βασιλεῦ τῶν αἰώνων, δίδως τοῖς υἱοῖς τῶν ἀνθρώπων δόξαν καὶ τιμὴν καὶ ἐξουσίαν τῶν ἐπὶ τῆς γῆς ὑπαρχόντων: σύ, κύριε, διεύθυνον τὴν βουλὴν αὐτῶν κατὰ τὸ .28; 13, 18 καλὸν καὶ εὐάρεστον ἐνώπιόν σου, ὅπως διέποντες ἐν εἰρήνῃ καὶ πραΰτη"
1Tim 1:10,745,745,0.8677055,Didache,merged_chunk,Didache_11.2-11.5,Didache 11.2;11.3;11.4;11.5,"ἐὰν δὲ αὐτὸς ὁ διδάσκων στραφεὶς διδάσκῃ ἄλλην διδαχὴν εἰς τὸ καταλῦσαι, μὴ αὐτοῦ ἀκούσητε: εἰς δὲ τὸ προσθεῖναι δικαιοσύνην καὶ γνῶσιν κυρίου, δέξασθε αὐτὸν ὡς κύριον. Περὶ δὲ τῶν ἀποστόλων καὶ προφητῶν, κατὰ τὸ δόγμα τοῦ εὐαγγελίου οὕτω ποιήσατε. πᾶς δὲ ἀπόσ"
1Tim 1:10,745,745,0.86711895,1Clem,merged_chunk,1Clem_61.3-62.3,1Clem 61.3;62.1;62.2;62.3,"ὁ μόνος δυνατὸς ποιῆσαι ταῦτα καὶ περισσότερα ἀγαθὰ μεθ̓ ἡμῶν, σοὶ ἐξομολογούμεθα διὰ τοῦ ἀρχιερέως καὶ προστάτου τῶν ψυχῶν ἡμῶν Ἰησοῦ Χριστοῦ, δἰ οὗ σοι ἡ δόξα καὶ ἡ μεγαλωσύνη καὶ νῦν καὶ εἰς γενεὰν γενεῶν καὶ εἰς τοὺς αἰῶνας τῶν αἰώνων. ἀμήν. εὐσεβῶς καὶ δι"
1Tim 1:10,745,745,0.86684185,1Clem,merged_chunk,1Clem_34.7-35.2,1Clem 34.7;34.8;35.1;35.2,"καὶ ἡμεῖς, οὖν, ἐν ὁμονοίᾳ ἐπὶ τὸ αὐτὸ συναχθέντες τῇ συνειδήσει, ὡς ἐξ ἑνὸς στόματος βοήσωμεν πρὸς αὐτὸν ἐκτενῶς εἰς τὸ μετόχους ἡμᾶς γενέσθαι τῶν μεγάλων καὶ ἐνδόξων ἐπαγγελιῶν αὐτοῦ. γάρ: τοῖς ὑπομένουσιν αὐτόν. Ὡς μακάρια καὶ θαυμαστὰ τὰ δῶρα τοῦ θεοῦ, ἀγα"
1Tim 1:10,745,745,0.86642575,1Clem,merged_chunk,1Clem_8.5-9.3,1Clem 8.5;9.1;9.2;9.3,"πάντας οὖν τοὺς ἀγαπητοὺς αὐτοῦ βουλόμενος μετανοίας μετασχεῖν ἐστήριξεν τῷ παντοκρατορικῷ βουλήματι αὐτοῦ. Διὸ ὑπακούσωμεν τῇ μεγαλοπρεπεῖ καὶ ἐνδόξῳ βουλήσει αὐτοῦ, καὶ ἱκέται γενόμενοι τοῦ ἐλέους καὶ τῆς χρηστότητος αὐτοῦ προσπέσωμεν καὶ ἐπιστρέψωμεν ἐπὶ το"
1Tim 1:10,745,745,0.8652766,1Clem,merged_chunk,1Clem_56.1-56.3,1Clem 56.1;56.2;56.3,"Καὶ ἡμεῖς οὖν ἐντύχωμεν περὶ τῶν ἔν τινι παραπτώματι ὑπαρχόντων, ὅπως δοθῇ αὐτοῖς ἐπιείκεια καὶ ταπεινοφροσύνη εἰς τὸ εἶξαι αὐτοὺς μὴ ἡμῖν ἀλλὰ τῷ θελήματι τοῦ θεοῦ: οὕτως γὰρ ἔσται αὐτοῖς ἔγκαρπος καὶ τελεία ἡ πρὸς τὸν θεὸν καὶ τοὺς ἁγίους μετ̓ οἰκτιρμῶν μνεί"
1Tim 1:10,745,745,0.8652612,1Clem,merged_chunk,1Clem_preface.1-1.1,1Clem preface.1;1.1,"Ἡ ἐκκλησία τοῦ θεοῦ ἡ παροικοῦσα Ῥώμην τῆ ἐκκλησίᾳ τοῦ θεοῦ τῇ παροικούσῃ Κόρινθον, κλητοῖς ἡγιασμένοις ἐν θελήματι θεοῦ διὰ τοῦ κυρίου ἡμῶν Ἰησοῦ Χριστοῦ. χάρις ὑμῖν καὶ εἰρήνη ἀπὸ παντοκράτορος θεοῦ διὰ Ἰησοῦ Χριστοῦ πληθυνθείη. βράδιον νομίζομεν ἐπιστροφὴν "
1Tim 1:10,745,745,0.86475897,1Clem,merged_chunk,1Clem_37.5-38.1,1Clem 37.5;38.1,"λάβωμεν τὸ σῶμα ἡμῶν: ἡ κεφαλὴ δίχα τῶν ποδῶν οὐδέν 1 ἐστιν, οὕτως οὐδὲ οἱ πόδες δίχα τῆς κεφαλῆς: τὰ δὲ ἐλάχιστα μέλη τοῦ σώματος ἡμῶν ἀναγκαῖα καὶ εὔχρηστά εἰσιν ὅλῳ τῷ σώμᾳτι: ἀλλὰ πάντα συνπνεῖ καὶ ὑποταγῇ μιᾷ χρῆται εἰς τὸ σώζεσθαι ὅλον τὸ σῶμα. Σωζέσθω ο"
